{"references": ["NC_001781.1", "MG431255.1", "MG431254.1"], "primary_ref": "NC_001781.1", "secondary_refs": [], "secondary_ref_count": 0, "excluded_refs": ["MG431255.1", "MG431254.1"], "excluded_ref_count": 2, "regions": 50, "percent_coverage": 98.82, "gaps": 0, "config": {"amplicon_size_min": 380, "amplicon_size_max": 420, "high_gc": false, "primalscheme_version": "1.3.2", "primary_only": false, "primer_size_range": {"min": 19, "max": 34, "opt": 22}, "primer_gc_range": {"min": 30, "max": 55, "opt": 50}, "step_distance": 11, "target_overlap": 0}}