name	pool	seq	size	%gc	tm (use 65)
VRShA_1_LEFT	1	CGTACTACAAACTTGCACATTCGG	24	45.83	60.97
VRShA_1_RIGHT	1	AGACCGTTTAATTGAGAGCAGTGT	24	41.67	60.82
VRShA_2_LEFT	2	GTAGTAAAATCTAACTTTACAACAATGCCA	30	30.00	59.91
VRShA_2_RIGHT	2	TTGGTGAGAGATGTTATTATTGAATCCA	28	32.14	59.55
VRShA_3_LEFT	1	TGAGCACTACAAATGACAACACTAC	25	40.00	59.91
VRShA_3_RIGHT	1	CTTGGTTTGGTTGGGTTGGTTT	22	45.45	60.21
VRShA_4_LEFT	2	GCATTAAGCCTACAAAACACACTCC	25	44.00	61.22
VRShA_4_RIGHT	2	CCTGGACATAGCATATAACATACCTATTAA	30	33.33	59.56
VRShA_5_LEFT	1	ACACCTAAACAAACTATGTGGTATGC	26	38.46	60.29
VRShA_5_RIGHT	1	CCTGATCTGTCTCCTGCTGCTA	22	54.55	61.46
VRShA_6_LEFT	2	GCATGATTCTCCAGACTGTGGG	22	54.55	61.18
VRShA_6_RIGHT	2	ACAACTTGCTCCATTTCTGCCT	22	45.45	60.94
VRShA_7_LEFT	1	GCTAAGATGGGGAGTTTTAGCCA	23	47.83	60.63
VRShA_7_RIGHT	1	AAGCTCTACATCATCTTCTTTAGGGT	26	38.46	60.06
VRShA_8_LEFT	2	AGAGCAACTCAAAGAAAATGGAGTAA	26	34.62	59.67
VRShA_8_RIGHT	2	GCTTACTAGGGGTTTTCTTGGGT	23	47.83	60.50
VRShA_9_LEFT	1	CCGATAACATCTGGCACCAACA	22	50.00	61.12
VRShA_9_RIGHT	1	TGGTCATTAATGCTTCCGCTCT	22	45.45	60.28
VRShA_10_LEFT	2	CACTTCAGCTCGCGATGGAATA	22	50.00	60.98
VRShA_10_RIGHT	2	TTCGTCAGGTTGCTGATGGATC	22	50.00	60.86
VRShA_11_LEFT	1	ATCAACTGCCAGACCGAACAAA	22	45.45	60.93
VRShA_11_RIGHT	1	TGCGCTTATGATGAAATTACTAGGC	25	40.00	60.20
VRShA_12_LEFT	2	TACGCCCAAAGGACCTTCACTA	22	50.00	61.27
VRShA_12_RIGHT	2	CCAGCATAGGGAATAATTTTCGCA	24	41.67	60.04
VRShA_13_LEFT	1	TGTCAAAAACAAGGATCTGAACTCAC	26	38.46	60.62
VRShA_13_RIGHT	1	AGCAGATAGTGGCTGGTAGTGA	22	50.00	60.81
VRShA_14_LEFT	2	ACATCATGAACATCTACACTACACAC	26	38.46	59.62
VRShA_14_RIGHT	2	TGTGTTGATTTGATGCATCTGTCC	24	41.67	60.40
VRShA_15_LEFT	1	TTGGCCCTATTTTACACTAATACATATGA	29	31.03	59.50
VRShA_15_RIGHT	1	AGATGATTGAGAGTATCCCAGGTCT	25	44.00	60.79
VRShA_16_LEFT	2	ACAACATTGGGGCAAATGCAAC	22	45.45	61.25
VRShA_16_RIGHT	2	TCTGACTTTGTGTTGGGTGATGT	23	43.48	60.63
VRShA_17_LEFT	1	CCACCAGAAAGGGTTAGCTCAT	22	50.00	60.21
VRShA_17_RIGHT	1	TGTTGGGTTGGTGGTAGTTTCT	22	45.45	59.94
VRShA_18_LEFT	2	ACCAACCACCAAAACCACAAAC	22	45.45	60.47
VRShA_18_RIGHT	2	CTTAACCTGTGGATCAGCAGCT	22	50.00	60.54
VRShA_19_LEFT	1	AGCAGAAAACCGTGACCTATCA	22	45.45	59.88
VRShA_19_RIGHT	1	TACTGTGGTGCTTCTCTTCTGG	22	50.00	59.88
VRShA_20_LEFT	2	AGAATGCAGTGACAGAATTACAGC	24	41.67	59.92
VRShA_20_RIGHT	2	AATGTTGGAGATGCGACAGCTC	22	50.00	61.43
VRShA_21_LEFT	1	ACCAGCAAAGTGTTAGATCTCAAGA	25	40.00	60.61
VRShA_21_RIGHT	1	GGTGGTGCATAGAGGTGATGTG	22	54.55	61.18
VRShA_22_LEFT	2	AGTCCTTGCATATGTTGTACAGCT	24	41.67	60.65
VRShA_22_RIGHT	2	CCCACGATTTTTGTTGGATGCA	22	45.45	60.47
VRShA_23_LEFT	1	ACATATTCAATTCCAAGTATGACTGCA	27	33.33	59.94
VRShA_23_RIGHT	1	GTAGTAGATTTGCCAGTATTTACATTATGTAGT	33	30.30	60.86
VRShA_24_LEFT	2	TGATGCATCAATATCTCAAGTCAATGA	27	33.33	59.78
VRShA_24_RIGHT	2	GGATCTAGCTTAGTTGTGTGGGT	23	47.83	60.06
VRShA_25_LEFT	1	CACCAATCCCAAATCAACCCATAAC	25	44.00	61.01
VRShA_25_RIGHT	1	AGAGCATATTCTTCTGTTCTGTCCA	25	40.00	60.20
VRShA_26_LEFT	2	ATACTCAAGTCAATGGACAAAAGCA	25	36.00	59.61
VRShA_26_RIGHT	2	GGTTGACTCTTTTGGGTTGCTT	22	45.45	59.75
VRShA_27_LEFT	1	GCAGACGTGCTGAAGAAGACAA	22	50.00	61.55
VRShA_27_RIGHT	1	TGATATAGAATCGTTATGGCCAAGCA	26	38.46	60.96
VRShA_28_LEFT	2	GATGCCACTCAACAATTTCTCCA	23	43.48	59.75
VRShA_28_RIGHT	2	AATGACTGGAAATAAGTTGGTTCTTCT	27	33.33	59.77
VRShA_29_LEFT	1	CACCAACTTAATTAGTAGACAAAGTCCA	28	35.71	60.14
VRShA_29_RIGHT	1	GATTTACTGAGTGATTTTTGTCTGAATTTG	30	30.00	59.53
VRShA_30_LEFT	2	TCAGGTGATGAAAACTCAGTACTTACA	27	37.04	60.70
VRShA_30_RIGHT	2	TGCTAAGGCTGATGTCTTTCCA	22	45.45	59.88
VRShA_31_LEFT	1	GGTTGTATCGTTTATCATAAAGGACTCA	28	35.71	60.08
VRShA_31_RIGHT	1	GTGTGACATACCCTTGATAGTAGGT	25	44.00	60.02
VRShA_32_LEFT	2	ACAGAAGAAGATCAATTTAGGAAACGA	27	33.33	59.61
VRShA_32_RIGHT	2	AGTGGGCCATCTGTTGTAGGTA	22	50.00	61.02
VRShA_33_LEFT	1	TGGATGCTGTAAGAATTAACTGTAATGA	28	32.14	59.77
VRShA_33_RIGHT	1	TCTGTCGCTTTCAGAGAACTTCA	23	43.48	60.18
VRShA_34_LEFT	2	TGGACTAGTTTTCCTAGAAATTACATGC	28	35.71	60.24
VRShA_34_RIGHT	2	TTTGACTTGTTGCTTATTCCTGCT	24	37.50	59.74
VRShA_35_LEFT	1	TTCTTCCCTGAGAGTTTGACAAGA	24	41.67	59.92
VRShA_35_RIGHT	1	AGTTTTTGACACCAGCCCTCAA	22	45.45	60.81
VRShA_36_LEFT	2	ACATATAGACATGCACCTCCTTTCA	25	40.00	60.26
VRShA_36_RIGHT	2	ACACTCCATTGTGCTGGATTGT	22	45.45	60.67
VRShA_37_LEFT	1	AGGCCATAAGCTTAAGGGAACAG	23	47.83	60.63
VRShA_37_RIGHT	1	ACCAAACAGCATAGGCAAATTCA	23	39.13	59.68
VRShA_38_LEFT	2	GCAACTCCGAAATCATGCATTATGT	25	40.00	61.11
VRShA_38_RIGHT	2	TCACTAGTAATTTTAGCTTGCCTTTCA	27	33.33	59.83
VRShA_39_LEFT	1	ACTGAACAAATTCTTGACATGTGTCA	26	34.62	60.34
VRShA_39_RIGHT	1	TTTTCCTCATCATATCAGTAGCCCT	25	40.00	59.78
VRShA_40_LEFT	2	TGGATTAAGAGTTGTTTATGAAAGTCTACC	30	33.33	60.54
VRShA_40_RIGHT	2	AGTAGGTCCTCTTTCACCACGA	22	50.00	60.67
VRShA_41_LEFT	1	ACAACTAGCACTATAGCCAGTGG	23	47.83	60.12
VRShA_41_RIGHT	1	GGACTAGTATCGAAATGATAATTTGTTGTT	30	30.00	59.62
VRShA_42_LEFT	2	TTTACACCGTTTAACAGTCAGTAGTAG	27	37.04	59.62
VRShA_42_RIGHT	2	TGTTAGATCCAGATTTAAGTGCTTTGT	27	33.33	59.83
VRShA_43_LEFT	1	GTTGAAGCAAGTGATACAAAAACAGC	26	38.46	60.72
VRShA_43_RIGHT	1	GCTACTGTCTATTAACTCCAAAACACA	27	37.04	60.10
VRShA_44_LEFT	2	AGCTGGACATTGGATTCTAATTATTCAA	28	32.14	60.03
VRShA_44_RIGHT	2	TCTATGTTAACAACCCAAGGGCA	23	43.48	60.18
VRShA_45_LEFT	1	TGTCTAAAGTTTTCCTAGAACAAAAAGTCA	30	30.00	60.74
VRShA_45_RIGHT	1	AAAGTTTCTGGGGTTGGGTGAT	22	45.45	60.28
VRShA_46_LEFT	2	AGACAACACTCATTTGCTAACAAAACA	27	33.33	61.07
VRShA_46_RIGHT	2	TTGACATGATGCCAAGGAAGCA	22	45.45	61.00
VRShA_47_LEFT	1	ACAGCAAAATCTAACCAACTTTACATCA	28	32.14	60.76
VRShA_47_RIGHT	1	ACCAATGAATGTTATTAGTTGCATCTGT	28	32.14	60.66
VRShA_48_LEFT	2	TGAATTTCTAAGATTATACAACGGGCA	27	33.33	59.72
VRShA_48_RIGHT	2	TGCACAACATCAAAAACAGGAAGT	24	37.50	60.40
VRShA_49_LEFT	1	TCGCAAAATATCATGCTCAAGATGA	25	36.00	59.85
VRShA_49_RIGHT	1	CATTTTAGGATATTCATATGCTTGTGGTT	29	31.03	59.56
VRShA_50_LEFT	2	GGAATTAAGACTTCATTGTCAAAATTGAAG	30	30.00	59.53
VRShA_50_RIGHT	2	GGAATCAGTAAGCTAAATTATTGAAAAGTTTGC	33	30.30	61.89
